{"kalibrointi": {"virtaSkaalausKerroin": 0.054081, "janniteNollataso": 65.645, "kanavan3Keskiarvo": 512.2816029143899, "kanavan2Keskiarvo": 511.7187613843351, "automaattinenNollaVirranKalibrointi": true, "janniteSkaalausKerroin": 0.2546635, "kanavan1Keskiarvo": 511.39162112932604}}
